{"global_step": 45, "_timestamp": 1636801589.7395527, "val/COCOAP50": 0.9264712333679199, "val/COCOAP50_95": 0.6482008099555969, "_runtime": 157, "_step": 44}